split,model,accuracy,roc_auc,pr_auc,precision,recall,f1,mcc
scaffold,Logistic Regression,0.8854679802955665,0.9056315235860507,0.9864202583824557,0.9689349112426036,0.9009628610729024,0.9337134711332858,0.5361025649203529
scaffold,Extra Trees + SMOTE,0.9113300492610837,0.8917469050894086,0.9836939640051585,0.9492455418381345,0.951856946354883,0.9505494505494505,0.5220318605003924
scaffold,HistGradientBoosting,0.8793103448275862,0.8877336354073955,0.9835502315860796,0.965925925925926,0.8968363136176066,0.9300998573466477,0.5119303816787596
scaffold,Stacked Ensemble,0.7869458128078818,0.8912128813010761,0.9843360577733821,0.9743150684931506,0.782668500687758,0.8680396643783371,0.4129688151822913
scaffold,Extra Trees,0.7783251231527094,0.8667934298891496,0.9805174496970077,0.9659284497444633,0.7799174690508941,0.863013698630137,0.37253117045732204
scaffold,Random Forest,0.7204433497536946,0.8878469131806781,0.9842133192063367,0.9770992366412213,0.7042640990371389,0.8185451638689049,0.3603219892810046
temporal,Logistic Regression,0.8776150627615062,0.7845336481700118,0.9594964900132638,0.9345238095238095,0.9268004722550177,0.9306461173681091,0.4109776864437156
