split,model,accuracy,roc_auc,pr_auc,precision,recall,f1,mcc
scaffold,Extra Trees + SMOTE,0.8901660280970626,0.9041999050868906,0.9766397240628113,0.925531914893617,0.9427244582043344,0.9340490797546013,0.6068888560008008
scaffold,Logistic Regression,0.8378033205619413,0.8931380081806062,0.9718584457234162,0.9466437177280551,0.8513931888544891,0.8964955175224124,0.5428417965762727
scaffold,Extra Trees,0.7535121328224776,0.8953413482181194,0.9744047273891704,0.9594320486815415,0.7321981424148607,0.8305531167690957,0.4612212806119773
scaffold,Stacked Ensemble,0.7432950191570882,0.8913753361505955,0.9738295013897766,0.964509394572025,0.7151702786377709,0.8213333333333334,0.46080823670202825
scaffold,Random Forest,0.7305236270753512,0.8828444554925312,0.9721122413503285,0.959830866807611,0.7027863777089783,0.8114387846291331,0.4382494852442161
