split,model,rmse,mae,r2
scaffold,Extra Trees Regressor,0.9684115564893989,0.72530049314535,0.6427849001914439
scaffold,Random Forest Regressor,0.99597587547334,0.7380169625782236,0.6221603590188273
